type,cloud jewels
A2,1.9836800000000006
C2,1.9836800000000006
C2D,1.0169022556390976
E2,1.565281467299849
M1,1.8202637931034493
M2,1.9836800000000006
N1,2.6729661397593256
N2,2.065880247678019
N2D,0.9923597299700864
T2D,1.0169022556390976
